Age category;Average distance made by plane per person in 2015 (business trips), in km;+/-
6-17 years;4.035825371855867;5.237942446233065
18-24 years;243.85703831412994;210.01327576001734
25-44 years;1120.9685740463408;318.6980713297107
45-64 years;1127.4079210371076;289.35249966625327
65-79 years;214.03347016672478;139.3999844025837
80 years and over;0.0;0.0
