Age category;Average distance made by plane per person in 2015, in km;+/-
6-17 years;3545.859650267433;467.85358726994946
18-24 years;7004.5062944426;968.278162447574
25-44 years;8037.567986959279;684.1530515886315
45-64 years;6676.132033956125;540.9752954121196
65-79 years;3405.3810897467833;502.0926677942413
80 years and over;775.1432750320815;377.10493654304446
