Age category;Average distance made by plane per person in 2015 (private trips), in km;+/-
6-17 years;3493.0131034538495;464.5792365927699
18-24 years;5969.274145251367;870.1294418007391
25-44 years;6720.086491717535;595.754538550989
45-64 years;5391.890259001162;449.3180569125078
65-79 years;3114.656242460147;478.66908787057923
80 years and over;747.1029069895234;375.03927042577453
