Age category;Average distance made by plane per person in 2015 (private trips), in km;+/-
6-17 years;3493.0131034538495;464.53789806441563
18-24 years;5969.274145251367;870.05201718128
25-44 years;6720.086491717535;595.7015279686291
45-64 years;5391.890259001162;449.2780763327213
65-79 years;3114.656242460147;478.62649561913383
80 years and over;747.1029069895234;375.00589921523965
