Age category;Average distance made by plane per person in 2015, in km;+/-
6-17 years;3545.8596502674336;467.7112480383358
18-24 years;7004.5062944426;968.0983967328235
25-44 years;8037.567986959279;683.8504554864942
45-64 years;6676.132033956125;540.7428850939058
65-79 years;3405.381089746784;501.9532960514579
80 years and over;775.1432750320815;377.14699088747653
