Age category;Average distance made by plane per person in 2015 (other trips), in km;+/-
6-17 years;48.8107214417278;35.67512897793219
18-24 years;791.3751108771022;402.46633660717833
25-44 years;196.5129211954018;99.53741818313785
45-64 years;156.8338539178567;70.68286733241129
65-79 years;76.69137711991196;57.30487177013809
80 years and over;28.0403680425581;42.564602400749145
