Age category;Average distance made by plane per person in 2015 (other trips), in km;+/-
6-17 years;48.8107214417278;35.66462576127748
18-24 years;791.3751108771022;402.39920841705435
25-44 years;196.5129211954018;99.49488894457514
45-64 years;156.8338539178567;70.6534991700552
65-79 years;76.69137711991196;57.28953824445776
80 years and over;28.0403680425581;42.56955153075162
